Geography,Neighborhood (U.H.F)
Kingsbridge - Riverdale,Kingsbridge - Riverdale
Northeast Bronx,Northeast Bronx
Fordham - Bronx Pk,Fordham - Bronx Park
Pelham - Throgs Neck,Pelham - Throgs Neck
South Bronx,Crotona - Tremont
South Bronx,High Bridge - Morrisania
South Bronx,Hunts Point - Mott Haven
Greenpoint,Greenpoint
Downtown - Heights - Slope,Downtown - Heights - Park Slope
Bedford Stuyvesant - Crown Heights,Bedford Stuyvesant - Crown Heights
East New York,East New York
Sunset Park,Sunset Park
Borough Park,Borough Park
East Flatbush - Flatbush,East Flatbush - Flatbush
Canarsie - Flatlands,Canarsie - Flatlands
Bensonhurst - Bay Ridge,Bensonhurst - Bay Ridge
Coney Island - Sheepshead Bay,Coney Island - Sheepshead Bay
Williamsburg - Bushwick,Williamsburg - Bushwick
Washington Heights,Washington Heights - Inwood
Central Harlem - Morningside Heights,Central Harlem - Morningside Heights
East Harlem,East Harlem
Upper West Side,Upper Westside
Upper East Side-Gramercy,Upper Eastside
Upper East Side-Gramercy,Gramercy Park - Murray Hill
Chelsea-Village,Chelsea - Clinton
Chelsea-Village,Greenwich Village - Soho
Union Square-Lower Manhattan,Union Square - Lower East Side
Union Square-Lower Manhattan,Lower Manhattan
Long Island City - Astoria,Long Island City - Astoria
West Queens,West Queens
Flushing - Clearview,Flushing - Clearview
Ridgewood - Forest Hills,Ridgewood - Forest Hills
Southwest Queens,Southwest Queens
Jamaica,Jamaica
Southeast Queens,Southeast Queens
Rockaways,Rockaway
Bayside Little Neck-Fresh Meadows,Bayside - Little Neck
Bayside Little Neck-Fresh Meadows,Fresh Meadows
Northern SI,Port Richmond
Northern SI,Staple - St. George
Southern SI,Willowbrook
Southern SI,South Beach - Tottenville